# Host: localhost  (Version 5.7.19)
# Date: 2018-01-08 17:01:17
# Generator: MySQL-Front 5.4  (Build 4.153) - http://www.mysqlfront.de/

/*!40101 SET NAMES utf8 */;

#
# Structure for table "articlecomment"
#

DROP TABLE IF EXISTS `articlecomment`;
CREATE TABLE `articlecomment` (
  `CommentId` int(11) NOT NULL AUTO_INCREMENT,
  `comment` varchar(255) DEFAULT NULL,
  `articleId` int(255) DEFAULT NULL,
  `userId` int(255) DEFAULT NULL,
  `userName` varchar(255) DEFAULT NULL,
  PRIMARY KEY (`CommentId`)
) ENGINE=InnoDB AUTO_INCREMENT=23 DEFAULT CHARSET=utf8;

#
# Data for table "articlecomment"
#

INSERT INTO `articlecomment` VALUES (1,'你好棒',1,1,'zp'),(2,'222',1,1,'zp'),(3,'12112',1,1,'zp'),(4,'21212',1,1,'zp'),(5,'12112',1,1,'zp'),(6,'233223',2,1,'zp'),(7,'7',2,1,'zp'),(8,'好吃',1,1,'zp'),(9,'好吃',1,1,'zp'),(10,'好吃debvbu',1,1,'zp'),(11,'好吃debvbu',1,1,'zp'),(12,'你好！',1,1,'zp'),(13,'你好',1,1,'zp'),(14,'666我的国！',1,13,'zpzp'),(15,'好吃debvbu',1,1,'zp'),(16,'好吃debvbu',1,1,'zp'),(17,'你好...',1,13,'zpzp'),(18,'你好！',1,1,'zp'),(19,'好好看啊！！！',1,14,'jieban'),(20,'哈哈哈哈',14,15,'wyh'),(21,'我是专业水军！',1,1,'zp'),(22,'好吃debvbu',1,1,'zp');

#
# Structure for table "articles"
#

DROP TABLE IF EXISTS `articles`;
CREATE TABLE `articles` (
  `uniquekey` int(11) NOT NULL AUTO_INCREMENT,
  `title` varchar(255) CHARACTER SET utf8 DEFAULT NULL,
  `articleText` text CHARACTER SET utf8,
  `imgUrl` varchar(255) CHARACTER SET utf8 DEFAULT NULL,
  `authorName` varchar(255) CHARACTER SET utf8 DEFAULT NULL,
  `type` varchar(255) CHARACTER SET utf8 DEFAULT NULL,
  `lookNum` int(11) DEFAULT NULL,
  PRIMARY KEY (`uniquekey`)
) ENGINE=InnoDB AUTO_INCREMENT=31 DEFAULT CHARSET=latin1;

#
# Data for table "articles"
#

INSERT INTO `articles` VALUES (1,'国产航母','&nbsp&nbsp&nbsp&nbsp&nbsp&nbsp&nbsp&nbsp未来国产核动力航母舰岛设计应该采用双波段相控阵雷达以及综合射频天线。配合055以及未来发展型号&nbsp&nbsp&nbsp&nbsp作为引领未来水面舰艇发展的目标。舰载机方面型号偏多给后勤带来压力但如果可以采用机器检修自动化责可以大大减轻负担！&nbsp&nbsp&nbsp&nbsp（图文：西葛西造舰军事CG）<br/>&nbsp&nbsp&nbsp&nbsp&nbsp&nbsp&nbsp&nbsp据国外等媒体报道，中国海军未来将不仅拥有常规动力航母，同时还会拥有核动力航母，从公开分析认为，中国海军未来至少会开工建造4艘航母之多其中包括核动力航母，很可能的型号为004或005型。达成从近海到远洋的战斗力。那时将击破美日联合构建的“第一岛链海上封锁线”。据报道中国海军发展航母的一个重要目的便是突破美日联合构建的“海上封锁线”。在日本海岛屿一带，美国和日本共同构筑了由水上水下、海底探测网、空中力量等组成的系统。只要中国海军战舰和潜艇过“岛屿”，即会被美日的各类武装跟踪。而在战时美国核动力航母上的舰载机部队将对过岛屿的中国舰队进行空中火力打击。所有这些的外在原因，使中国海军有意向发展航空母舰，未来会拥有向“岛屿”进行舰载机攻击的能力，在本世纪中期实现“彻底突破岛屿’封锁”的目标。<br/>&nbsp&nbsp&nbsp&nbsp&nbsp&nbsp&nbsp&nbsp众所周知核动力航空母舰相对于常规动力航母的优势极为明显。核动力航空母舰单舰不需要携带大量舰用燃油，这些宝贵的空间就可以省出带航空燃油，及可以装备更多的舰载机和防卫武器系统。更为关键的是核动力航空母舰的综合作战能力远超排水量相近的常规动力航母。眼观中国当前至未来经济对能源进口这个环节的依赖程度还是很大的，到世纪中斯估计将会继续增大。而为保证中国国内能源的供应稳定和安全，中资企业还向非洲、中东等地投入了资金。纵观世界老大美国的态度，尽管遮遮掩掩，但以武力阻拦中国的海上运输线的意图已经非常明显了。环中国一带拉拢其盟友，&nbsp&nbsp&nbsp&nbsp对从印度洋到太平洋的中国懒以生存的海上运输线虎视眈眈。美国海军的这些军事力量就如在中国和能源生产国之间的拦路虎，令中国政府及为紧张，这此能源供应地离中国内陆都很远，中国海军要突破美日的封锁就必须拥有核动力航空母舰来保卫这些一长窜的海上运输线。有迹象显示，在“辽宁”号航母及首艘中国国产航母之后，中国海军会加速建造航母未来两步走计划，并有意制定有效的策略打破美国的海上封锁保证本国能源运输线的安全。而推测中国首艘核动力航母004型有望在2019年前后开始建造，未来中国海军的常规动力航母可能主要在亚太地区巡航，而新型号的004或005型核动力航母将加入远洋海军的序列，巡航中国的能源供应国或更远的海域作战。未来中国的航母舰队不仅能保卫中国的海洋领土。更能维护中国的海洋生存能力。（作者署名：浩汉防务）（责任编辑：薛贺&nbsp&nbsp&nbsp&nbspSN118）','http://192.168.1.109:8080/1.jpg','zp','top',21),(2,'双十一','&nbsp&nbsp&nbsp&nbsp&nbsp&nbsp&nbsp&nbsp“双十一”全民网购狂欢节后，山西太原的快递人员正在分拣大量包裹。&nbsp&nbsp&nbsp&nbsp中新社记者&nbsp&nbsp&nbsp&nbsp韦亮&nbsp&nbsp&nbsp&nbsp摄<br/>&nbsp&nbsp&nbsp&nbsp&nbsp&nbsp&nbsp&nbsp今年6月，京东武汉亚一小件无人仓、华北物流中心AGV仓、7月昆山无人分拣中心投入使用以后，全流程智能无人仓也将在上海亮相，其日处理订单的能力将超过20万单。这个“双十一”，针对第三方商家订单，京东物流在北京、上海、广州、成都、武汉、西安、沈阳等11地提供临租场地，提升暂存能力，为商家入库提供便利。同时，京东将从原先设定的6亿补贴提升至21亿，用于为京东平台商家及社会化商家在双11前的备货提供仓储、配送等方面的折扣、满减等优惠。<br/>&nbsp&nbsp&nbsp&nbsp&nbsp&nbsp&nbsp&nbsp\n记者了解，目前顺丰明确暂不涨价，申通暂未表态。','http://192.168.1.109:8080/2.jpg','zp','top',122121),(3,'中国男足','中国男足','http://192.168.1.109:8080/3.jpg','zp','top',12),(4,'《妖猫传》','&nbsp&nbsp&nbsp&nbsp&nbsp&nbsp&nbsp&nbsp由陈凯歌[微博]导演的贺岁奇幻钜制《妖猫传》距离上映仅有66天，今日电影终于发布了第一支正式先导预告，将此前一直由神秘云烟笼罩的大幕缓缓拉开，在扣人心弦的节奏中正式开启了白乐天、空海“一诗一僧”的盛唐探奇之旅。<br/>&nbsp&nbsp&nbsp&nbsp&nbsp&nbsp&nbsp&nbsp此前电影虽曝光过一支30秒贴片预告，但信息量极少。这次发布的“探奇”版预告片，不仅强烈释放了《妖猫传》的奇幻感、悬疑感，更揭开“妖猫奇案”的发生始末，引领观众一同陷入迷局。开篇天子离奇死亡，一句“何人可破？”引出白乐天与空海联手追查。一个是担任起居郎、专写天子行止，却因不明皇帝死因而满腹疑惑的桀骜诗人，一个是舍命远渡重洋、来长安求法却被拒之门外的僧人，跨国CP强强联手，将牵出怎样的惊天谜案？而搅乱大唐的“凶手”越是隐藏在幕后不现真身，就越令众人闻之色变、心惊胆寒，为这段横跨三十年的惊天之秘更添杀机悬念。<br/>&nbsp&nbsp&nbsp&nbsp&nbsp&nbsp&nbsp&nbsp除了人物初现外，预告片后半段还集中展现了大唐令人目眩神迷的恢弘气象。一个“辉”字，点开了华美精致、超越想象的绚烂画面。从热闹的民间到皇家的盛宴，入目尽是唐朝歌舞升平、繁华鼎盛之景象。人物爱之狂、行之巅，在推杯换盏中尽情抒发性情、洒脱自由。刘昊然[微博]、欧豪[微博]两少年更是化身白鹤冲天而起，那亦真亦幻的场景竟似仙境而非人间。但这引人入胜的繁华长安，却笼罩在一双摄人心魂的诡异双眼之下，妖猫惊现后人人自危！<br/>&nbsp&nbsp&nbsp&nbsp&nbsp&nbsp&nbsp&nbsp关于如何在电影中呈现唐朝及其中的人物，陈凯歌曾表示：“唐朝到底是什么样，我们除了有限的资料也无从详细了解。所以，电影中也包含着我对唐朝的诸多想象。”而关于黄轩[微博]和染谷将太这一对跨国组合，导演则认为他们的表演非常精准，体现了一动一静的鲜明对比，赋予了角色真正的灵魂。黄轩就曾如此评价这对搭档的性格：“白乐天是真挚、天真、痴情，甚至有些孩子气的一个人，也因此他容易被一些假象所迷惑。而空海则是完全理性的，他永远在用逻辑分析找出那个事情的最终真相。”正是这样性格鲜活又截然不同的两个人，推动了《妖猫传》故事的发展，他们之间较劲的乐趣和张力又为电影增添了更多看点。<br/>&nbsp&nbsp&nbsp&nbsp&nbsp&nbsp&nbsp&nbsp电影《妖猫传》讲述了盛唐时期一段奇幻的凄美史诗。癫狂诗人白乐天与仰慕大唐风采的僧人空海相遇长安，却意外触发了横跨三十年、有关王朝兴衰的惊天之秘，随着各色人物一一登场、大唐繁盛绚烂与时代隐痛一一揭开，一个被历史纷乱掩盖的真相也将浮出水面。该片由新丽传媒股份有限公司、角川公司、二十一世纪盛凯影业、英皇影业有限公司出品，将于2017年12月22日贺岁档奇幻上映。','http://192.168.1.109:8080/4.jpg','zp','top',122),(5,'奥地利国民议会选举','&nbsp&nbsp&nbsp&nbsp&nbsp&nbsp&nbsp&nbsp根据当地时间15日晚间公布的奥地利国民议会选举初步估算结果，现外长塞巴斯蒂安？库尔茨领导的奥地利人民党得票率遥遥领先现总理克恩领导的社民党和右翼的自由党。奥总统范德贝伦表示，待正式计票结果公布后将任命库尔茨组建新政府。这意味着31岁的库尔茨将成为欧洲最年轻的政府首脑。<br/>&nbsp&nbsp&nbsp&nbsp&nbsp&nbsp&nbsp&nbsp据奥地利广播公司报道，人民党、社民党和自由党在当天举行的国民议会选举中分别获得31.6%、26.9%、26%的选票。作为米特勒纳的继任者，库尔茨已经锁定胜局，料将出任下一届奥地利总理。生于1986年8月的塞巴斯蒂安·库尔茨是奥地利乃至欧洲政坛当今一颗“超新星”。2009年，还在维也纳大学就读的库尔茨初涉政坛，成为人民党青年团主席。之后，他出任负责融入问题的国务秘书，并于2013年以27岁的年龄出任新组建的欧洲、融入和对外事务部长部长(奥地利外长)，成为欧盟国家中最年轻的一位外长。','http://192.168.1.109:8080/5.jpg','zp','top',1212),(6,'国家队投资图谱','&nbsp&nbsp&nbsp&nbsp&nbsp&nbsp&nbsp&nbsp随着2017年上市公司三季报相继披露，国家队的投资图谱开始浮出水面。《证券日报》市场研究中心根据同花顺(60.680,&nbsp&nbsp&nbsp&nbsp-1.07,&nbsp&nbsp&nbsp&nbsp-1.73%)数据统计发现，截至昨日，在已披露三季报的沪深两市上市公司中，共有6家公司前十大流通股股东名单中出现以中央汇金资产管理有限责任公司、中国证券金融股份有限公司等为代表的国家队身影。<br/>&nbsp&nbsp&nbsp&nbsp&nbsp&nbsp&nbsp&nbsp具体来看，三季报披露显示，在上述6家公司中，国家队持有安信信托(14.010,&nbsp&nbsp&nbsp&nbsp0.53,&nbsp&nbsp&nbsp&nbsp3.93%)股份数量最多，达到19932万股，万华化学(38.960,&nbsp&nbsp&nbsp&nbsp0.17,&nbsp&nbsp&nbsp&nbsp0.44%)和中国巨石(11.990,&nbsp&nbsp&nbsp&nbsp0.09,&nbsp&nbsp&nbsp&nbsp0.76%)等2只个股国家队持股数量也均在3000万股以上，分别为：4201.63万股、3645.00万股，此外，国家队持有千山药机(23.680,&nbsp&nbsp&nbsp&nbsp0.25,&nbsp&nbsp&nbsp&nbsp1.07%)、江山股份(21.050,&nbsp&nbsp&nbsp&nbsp0.00,&nbsp&nbsp&nbsp&nbsp0.00%)、中原特钢(13.530,&nbsp&nbsp&nbsp&nbsp0.41,&nbsp&nbsp&nbsp&nbsp3.13%)等3只个股国家队持股数量分别为：927.66万股、612.60万股、541.15万股。<br/>&nbsp&nbsp&nbsp&nbsp&nbsp&nbsp&nbsp&nbsp值得一提的是，2015年三季度，国家队就已现身上述6只个股前十大流通股股东名单，期间虽然经历不同程度的增减持操作，但始终没有退出，截至目前已坚守9个季度。&nbsp&nbsp&nbsp&nbsp\r\n<br/>&nbsp&nbsp&nbsp&nbsp&nbsp&nbsp&nbsp&nbsp　　国家队坚守的6只个股业绩表现普遍较好，其中，江山股份、万华化学、千山药机等3只个股三季报净利润同比增幅均在100%以上，分别为：979.41%、212.41%、135.27%，中国巨石和安信信托三季报净利润也均实现同比增长，分别为：35.88%、22.27%。<br/>&nbsp&nbsp&nbsp&nbsp&nbsp&nbsp&nbsp&nbsp在国家队看好与业绩表现突出双重利好下，安信信托、中国巨石、千山药机等3只个股率先启动，10月份以来股价均实现不同程度的上涨，期间累计涨幅分别为：6.56%、3.84%、2.18%。<br/>&nbsp&nbsp&nbsp&nbsp&nbsp&nbsp&nbsp&nbsp安信信托三季报披露显示，公司前三季度营业收入为41.97亿元，净利润为28.25亿元，同比分别增长19.40%、22.27%。前十大流通股股东方面，中国证券金融股份有限公司三季度增持公司股份5268.36万股至15803.48万股；中央汇金资产管理有限责任公司三季度持有公司股份4128.52万股，较上期持股数量未发生改变。国家队持股占比从上期的5.87%上升至7.98%。安信信托的突出表现也受到了券商的认可，最近1个月内，有5家券商给予安信信托“买入”或“增持”等看好评级。&nbsp&nbsp&nbsp&nbsp&nbsp&nbsp&nbsp&nbsp&nbsp&nbsp&nbsp&nbsp&nbsp&nbsp&nbsp&nbsp\r\n<br/>&nbsp&nbsp&nbsp&nbsp&nbsp&nbsp&nbsp&nbsp除安信信托外，中国巨石、万华化学等2只个股机构关注度也较高，最近1个月内，券商给予“买入”或“增持”等看好评级家数分别为：16家、8家。<br/>&nbsp&nbsp&nbsp&nbsp&nbsp&nbsp&nbsp&nbsp新浪声明：此消息系转载自新浪合作媒体，新浪网登载此文出于传递更多信息之目的，并不意味着赞同其观点或证实其描述。文章内容仅供参考，不构成投资建议。投资者据此操作，风险自担。','http://192.168.1.109:8080/6.jpg','zp','top',21123232),(7,'十九大','&nbsp&nbsp&nbsp&nbsp&nbsp&nbsp&nbsp&nbsp10月15日，出席中国共产党第十九次全国代表大会的西藏自治区代表团抵京。图为几位代表团成员在一起讲述家乡变化，畅谈美好未来。经济日报记者&nbsp&nbsp&nbsp&nbsp李景录摄<br/>&nbsp&nbsp&nbsp&nbsp&nbsp&nbsp&nbsp&nbsp经济日报北京10月16日讯&nbsp&nbsp&nbsp&nbsp出席中国共产党第十九次全国代表大会的代表从祖国的四面八方汇聚北京。截至10月16日晚，31个省、自治区、直辖市的代表团以及中央直属机关代表团、中央国家机关代表团、中央企业系统代表团、中央金融系统代表团、解放军代表团、武警部队代表团和台湾省籍党员代表团等38个代表团已全部向大会报到。<br/>&nbsp&nbsp&nbsp&nbsp&nbsp&nbsp&nbsp&nbsp党的十九大将于10月18日在京召开。2200多名代表肩负着450多万个基层党组织和8900多万名党员的重托，参加这次举国关注、举世瞩目的大会。','http://192.168.1.109:8080/7.jpg','zp','top',223),(8,'加州大火','&nbsp&nbsp&nbsp&nbsp&nbsp&nbsp&nbsp&nbsp中新网10月17日电&nbsp&nbsp&nbsp&nbsp据外媒报道，美国航空航天局（NASA）日前发布一张加州大火地区的卫星图，图中可见大火升起的烟雾远飘至东太平洋，蔓延超550英里（约885千米）。<br/>&nbsp&nbsp&nbsp&nbsp&nbsp&nbsp&nbsp&nbsp据NASA，该图于10月12日拍摄，画面清晰可见烟雾从加州圣罗莎市飘出，一路延伸至太平洋深处。据消息，当地时间13日，加州消防员在17处不同起火点灭火。<br/>&nbsp&nbsp&nbsp&nbsp&nbsp&nbsp&nbsp&nbsp据悉，加州北部森林大火持续燃烧，已造成至少40人死亡，数百人失联，约10万居民撤离，成加州史上最致命的山火。','http://192.168.1.109:8080/8.jpg','zp','top',123),(9,'超高音速飞行器','&nbsp&nbsp&nbsp&nbsp&nbsp&nbsp&nbsp&nbsp“一小时全球打击”也就是“全球即时打击”，这是美军在20多年前提出的一个构想，但是美军没有想到的是，时至今日，美军尚未完全实现这个构想，但是中国获将弯道超车率先实现。<br/>&nbsp&nbsp&nbsp&nbsp&nbsp&nbsp&nbsp&nbsp1998年，美国的一次重要军事行动因为迟缓了几分钟，导致该行动失败，被袭击对象成功逃生之后对美国进行疯狂报复，如果当时美军实现了“全球即时打击”能力，9.11的悲剧就有可能避免。<br/>&nbsp&nbsp&nbsp&nbsp&nbsp&nbsp&nbsp&nbsp在此之后，美国更加坚定了发展全球即时打击系统，在2003年成为了美军的军事规划，经过数年的研发，美军在2010年开始了为该系统研发的武器进行技术验证，“猎鹰”高超声速飞行器、X-37B空天飞机、X-51A高超音速巡航导弹相继进行测试，不过，据军事专家尹卓将军称，美国虽然从2010年开始了各项技术的验证，但是至今还没有开始转化为实用武器。<br/>&nbsp&nbsp&nbsp&nbsp&nbsp&nbsp&nbsp&nbsp与此同时，中国在该领域的研发比美国落后十多年，在2012年之前，中国虽然在该领域所有研究，但是相对于美国已经试飞了几种飞行器来说落后太多，但是在2012年5月，世界首个风速达到10马赫的高超音速激波风洞JF12在中国建成验收之后，这种落后状况被迅速改观。<br/>&nbsp&nbsp&nbsp&nbsp&nbsp&nbsp&nbsp&nbsp媒体报道，在JF12投入使用之后几年，中国高超音速飞行器进行了7次以上的试验，试飞了新型神龙空天飞机、WU-14、DF-ZF等各类型超高音速飞行器。相比较美国击中飞行器多次试飞失败的现实，中国的效率更高。<br/>&nbsp&nbsp&nbsp&nbsp&nbsp&nbsp&nbsp&nbsp在2010年10月，中国全面解密JF12，央视节目中详细的披露了中国这款领先世界的设备的细节和原理，同时在节目中展现了多款高超音速飞行器的模型。外界分析认为，中国在高超声速技术的研发上取得了重大突破。<br/>&nbsp&nbsp&nbsp&nbsp&nbsp&nbsp&nbsp&nbsp军事专家尹卓将军在央视节目中直言不讳，称中国在高超声速技术的研发上已经超越美国，现在是美国在紧追中国。尹卓将军说：美国在该领域研发虽然比中国早，但是他们现在依旧停留在技术验证阶段，而中国已经开始在向实用化的高超声速武器发展。中国已经领先了美国一个身段，由此推测，中国或将率先成为全球第一个服役高超音速武器的国家。<br/>&nbsp&nbsp&nbsp&nbsp&nbsp&nbsp&nbsp&nbsp高超声速武器是“一小时全球打击”战略的核心装备，中国将之与2020年将完成全球组网的北斗全球卫星定位系统结合，将会迅速获得一小时覆盖全球每一个角落的军事攻击能力。','http://192.168.1.109:8080/9.jpg','zp','top',421212),(10,'Wi-Fi网络安全','&nbsp&nbsp&nbsp&nbsp&nbsp&nbsp&nbsp&nbsp北京时间17日凌晨，据研究机构周一发表的研究报告，用于保护Wi-Fi网络安全的保护机制已被黑客攻破，使他们可能监听到通过接入网络的设备进行的通讯交流。<br/>&nbsp&nbsp&nbsp&nbsp&nbsp&nbsp&nbsp&nbspWPA2是用于保护现代Wi-Fi网络的安全协议。比利时鲁汶大学的Mathy&nbsp&nbsp&nbsp&nbspVanhoef称，黑客们已经找到一种操纵该安全协议背后的加密因素的途经。<br/>&nbsp&nbsp&nbsp&nbsp&nbsp&nbsp&nbsp&nbsp报告称，Wi-Fi安全漏洞源于安全标准本身，而非个体设备问题，但它会影响到连接到Wi-Fi网络的设备。<br/>&nbsp&nbsp&nbsp&nbsp&nbsp&nbsp&nbsp&nbspVanhoef称，谷歌公司的安卓系统、苹果公司的iOS系统以及微软的Windows操作系统都会受到影响。','http://192.168.1.109:8080/10.jpg','zp','top',123333),(11,'房地产开发商','&nbsp&nbsp&nbsp&nbsp&nbsp&nbsp&nbsp&nbsp房地产开发商在房地产市场上销售商品房，必须具备一定的条件，并且按照有关规定在房地产管理部门办理商品房销售的各种手续。其中，“五证”、“二书”是最为重要的条件。五证不全的房子，不合法，开发商的销售行为也是违规行为，消费者一定要谨慎购买。<br/>&nbsp&nbsp&nbsp&nbsp&nbsp&nbsp&nbsp&nbsp置业提醒&nbsp&nbsp&nbsp&nbsp规避风险<br/>&nbsp&nbsp&nbsp&nbsp&nbsp&nbsp&nbsp&nbsp购房前必须查看开发商是否具备“五证”、“一照”。“五证”是指企业资质证书、国有土地使用证、建设工程规划许可证、建筑工程施工许可证、商品房预售许可证。“一照”即企业法人营业执照。交房时，还要注意开发商是否提供“两书”即商品住宅质量保证书和商品住宅使用说明书。<br/>&nbsp&nbsp&nbsp&nbsp&nbsp&nbsp&nbsp&nbsp一定要实地核实楼盘。除价格、面积、户型、周边环境和小区的配套设施及售后服务外，对房屋的供水、供电、供气、绿化、保安等都要进行详细的咨询。<br/>&nbsp&nbsp&nbsp&nbsp&nbsp&nbsp&nbsp&nbsp慎交“定金”，尤其要警惕“定金一律不退”之类的条约，以免上当受骗。开发商往往通过混淆“定金”和“订金”的概念，给购房者下圈套。法规对“定金”有规定，对“订金”没有，有不良开发商用“定金”代替“订金”，蒙骗消费者。如果商品房不符合销售条件，属违规或违法销售，而购房者已交纳了“定金”，无论双方是否约定“定金”退还事项，开发商都应该无条件退还给消费者。<br/>&nbsp&nbsp&nbsp&nbsp&nbsp&nbsp&nbsp&nbsp要提防购房合同中的“霸王条款”。消费者如认为购房合同模糊、有失公平，或不完善的，应该坚持要求对有关内容进行细化、改进。<br/>&nbsp&nbsp&nbsp&nbsp&nbsp&nbsp&nbsp&nbsp商品房面积应以实测为准。根据我国现行的房地产权属登记制度，房屋的面积以产权登记机关实际测定面积为准，只有这一面积数具有法律效力。如果商品房竣工后，房产实际面积和合同面积的误差比在3%以内，据实结算，误差比绝对值超出3%时，买受人有权退房，并约定退款及付息。<br/>&nbsp&nbsp&nbsp&nbsp&nbsp&nbsp&nbsp&nbsp开发商设计变更需提前通知。根据规定，商品房预售后，开发商不得擅自变更规划、设计。经过规划部门批准的规划变更、设计单位同意的设计变更，开发商应在变更确立之日起到10日内，书面通知买受人。买受人有权在通知到达之日起15日内做出是否退房的书面答复。<br/>&nbsp&nbsp&nbsp&nbsp&nbsp&nbsp&nbsp&nbsp对物业合同不能忽视。尤其要注意几个问题：经过招投标确定的物业管理服务收费标准、公共部位使用经营所得收入的分配方式、维修资金的管理使用等。<br/>&nbsp&nbsp&nbsp&nbsp&nbsp&nbsp&nbsp&nbsp最好自缴维修基金。维修基金业主可自缴，开发商也可代收，但对开发商不了解的，最好自缴。','http://192.168.1.109:8080/11.jpg','zp','shehui',535),(12,'周杰伦','&nbsp&nbsp&nbsp&nbsp&nbsp&nbsp&nbsp&nbsp据台湾媒体报道，周杰伦才刚结束地表最强台北场演唱会，又到大陆继续开唱，但他仍把握时间和昆凌相处，10日便被拍到出现在加拿大温哥华，行踪曝光，细数他10月到目前为止，几乎都在当空中飞人，其中一半时间都是赶着去陪宝贝老婆，来回总计将近飞了要绕一圈地球的距离，体现出对老婆的万般宠爱。<br/>&nbsp&nbsp&nbsp&nbsp&nbsp&nbsp&nbsp&nbsp周杰伦16日晒出探班老婆的照片，只见他躲在远处观看剧组拍戏，远远守护着老婆，据消息他10月1日结束台北演唱会后，马不停蹄地参加《中国新歌声》录影，10日便飞到加拿大陪昆凌拍戏，14日再到南昌开唱，2天后又回到了加拿大。从紧凑的行程可看出，周杰伦只要一有时间，不管在世界何处，都会马上飞到昆凌身边，把握夫妻俩的甜蜜时光，来回总共有3万9320公里，是将近要绕了地球一圈的距离。由于21日他又将到厦门开唱，这几天就有网友目击小两口在加拿大喝咖啡、街头闲晃的画面，享受得来不易的假期。<br/>&nbsp&nbsp&nbsp&nbsp&nbsp&nbsp&nbsp&nbsp事实上，不只周杰伦，日前昆凌也现身他的台北场演唱会，由于爱妻为了工作，将留了10年的长发剪掉，向来是长发控的他表示不介意，笑说：“长得漂亮，弄什么都好看！”越来越不避讳公开放闪。','http://192.168.1.109:8080/12.jpg','zp','yule',546),(13,'拉马库斯-阿尔德里奇','&nbsp&nbsp&nbsp&nbsp&nbsp&nbsp&nbsp&nbsp北京时间10月17日，据沃神报道，常规赛即将开始之际，5届全明星大前锋拉马库斯-阿尔德里奇和马刺队提前续约了一份3年7230万美元的合同。<br/>&nbsp&nbsp&nbsp&nbsp&nbsp&nbsp&nbsp&nbsp今天早些时候，沃神就爆料称阿德和马刺已经在认真讨论续约合同。如果阿德和马刺队在北京时间今天中午12点之前达成续约，那么阿德将执行2018-19赛季价值2230万美元的合同选项，而且再得到一份3年的顶薪合同。<br/>&nbsp&nbsp&nbsp&nbsp&nbsp&nbsp&nbsp&nbsp最终，阿德和马刺队达成了一份3年7230万美元的合同，据沃神透露，这份合同的第3年为部分受保障。<br/>&nbsp&nbsp&nbsp&nbsp&nbsp&nbsp&nbsp&nbsp下赛季，阿德的薪水为2140万美元。2015年夏天，阿德与马刺队签了一份4年8800万美元的合同，他可以在明年夏天跳出合同并成为自由球员。<br/>&nbsp&nbsp&nbsp&nbsp&nbsp&nbsp&nbsp&nbsp马刺和阿德讨论续约的消息令人感到有些意外，因为阿德在马刺的两个赛季充满起伏，而且马刺在今年夏天曾兜售过阿德。<br/>&nbsp&nbsp&nbsp&nbsp&nbsp&nbsp&nbsp&nbsp不过据阿德透露，他在今年休赛期和马刺主帅波波维奇有过一次交心的长谈，并且取得了不错的效果。[NBA驾到！新浪小炮揭秘篮彩][单日礼包享8.9折][下载APP]<br/>&nbsp&nbsp&nbsp&nbsp&nbsp&nbsp&nbsp&nbsp马刺和阿德都知道明年夏天的自由球员市场可能充满不确定性，所以提前续约可能是一个明智的选择。马刺队无法在自由球员市场上为考瓦伊-莱昂纳德找到比阿德更好的搭档，而阿德也不能保证能够得到一份长期的顶薪合同。<br/>&nbsp&nbsp&nbsp&nbsp&nbsp&nbsp&nbsp&nbsp上赛季，阿德打了72场常规赛，场均得到17.3分和7.3个篮板。','http://192.168.1.109:8080/13.jpg','zp','tiyu',3535),(14,'土地市场','&nbsp&nbsp&nbsp&nbsp&nbsp&nbsp&nbsp&nbsp中原地产研究中心的最新统计数据显示，截至10月10月以来，土地市场进入最后一季度的冲刺阶段，供地节奏普遍加快。<br/>&nbsp&nbsp&nbsp&nbsp&nbsp&nbsp&nbsp&nbsp中原地产研究中心的最新统计数据显示，截至10月15日，一线城市住宅土地供应明显加速，年内供应的住宅用地已经达到了204宗，合计供应住宅土地规划建筑面积达到了2433.33万平方米，同比2016年全年上涨了40%。成交面积达到了1770.35万平方米，同比2016年全年上涨了19%，预计最后两个多月还有大量土地签约。<br/>&nbsp&nbsp&nbsp&nbsp&nbsp&nbsp&nbsp&nbsp以北京土地市场为例，10月11日，北京土地市场成功出让位于海淀、通州区等三宗住宅用地，合计获得土地出让收入91.9亿元。截至当日，北京年内土地收入达到1958亿元。同一日，北京市还新挂牌三宗地块，总规划体量539420平方米，总起始价115.7亿元，分别位于石景山区、丰台区。<br/>&nbsp&nbsp&nbsp&nbsp&nbsp&nbsp&nbsp&nbsp伟业我爱我家集团副总裁胡景晖分析表示，受调控影响，北京楼市交易量大幅萎缩，而且住宅地块均有较为苛刻的竞买条件，因此宅地竞争的激烈程度明显下降，溢价率和平均楼面地价均有所回落。“但是，由于北京土地资源越来越稀缺，一些优质宅地地块，一经推出，即使竞买条件较为苛刻，依然受到了知名开发企业的强烈关注，随着9月供应量的增加，可以预计，四季度北京宅地成交量将有所增加。”胡景晖说。<br/>&nbsp&nbsp&nbsp&nbsp&nbsp&nbsp&nbsp&nbsp除了北京市，不少二线城市也开始增加土地供应。10月10日，武汉市国土资源和规划局以现场挂牌和网上挂牌的方式出让四宗地块，起拍总价57863万元。同日，天津迎来“银十”首次土拍，四宗地块总出让面积约为65万平方米，总成交金额68.24亿元。11日，山东济南出让九宗地块，地块共计273亩，总成交价33.64亿元。<br/>&nbsp&nbsp&nbsp&nbsp&nbsp&nbsp&nbsp&nbsp中原地产首席分析师张大伟分析认为，“从市场看，一二线城市在目前已经做好住宅销售市场‘减法’的同时，继续做好土地市场的‘加法’，有利于平稳市场供需结构。”<br/>&nbsp&nbsp&nbsp&nbsp&nbsp&nbsp&nbsp&nbsp“从土地供应角度看，各地普遍开始增加租赁住房的有效供应，鼓励房地产开发企业参与工业厂房改造，完善配套设施后改造成租赁住房，这些政策有利于推动租赁土地供应，缓解租赁市场的供需结构。”张大伟指出，按照目前的土地供应规模，多个城市未来五年将有大量房源供应。增加供应后，市场价格有望进一步降低。','http://192.168.1.109:8080/14.jpg','zp','guonei',34535),(15,'“奥巴马医保”已经成为“过去式”','&nbsp&nbsp&nbsp&nbsp&nbsp&nbsp&nbsp&nbsp&nbsp&nbsp&nbsp&nbsp&nbsp&nbsp&nbsp&nbsp&nbsp&nbsp&nbsp&nbsp中新网10月17日电&nbsp&nbsp&nbsp&nbsp据俄罗斯卫星网报道，美国总统特朗普日前表示，“奥巴马医保”已经成为“过去式”。他敦促国会共和党和民主党合作起草医保市场的短期解决方案。据评论人士称，实施了7年的奥巴马医保法案实际上已经被特朗普破坏。<br/>&nbsp&nbsp&nbsp&nbsp&nbsp&nbsp&nbsp&nbsp　　据报道，特朗普16日在谈到前总统奥巴马2010年签署的医保法时表示，“奥巴马医保”已成为过去式，不应再被提起。此前，共和党多次试图废除奥巴马医保法案的努力均无果而终。<br/>&nbsp&nbsp&nbsp&nbsp&nbsp&nbsp&nbsp&nbsp特朗普表示，“我认为通过共和党和民主党的共同努力，我们将拿出一项短期解决方案。”特朗普还称，他将努力降低“已经失控”的处方药价格。但他没有透露具体计划。<br/>&nbsp&nbsp&nbsp&nbsp&nbsp&nbsp&nbsp&nbsp上周，特朗普称将停止向保险商支付“奥巴马医保”规定的联邦补贴。这项补贴意在帮助低收入人群负担医疗保险。<br/>&nbsp&nbsp&nbsp&nbsp&nbsp&nbsp&nbsp&nbsp特朗普表示，将停止向保险商支付补贴，推倒他们的“摇钱树”。但民主党人和一些共和党人称，特朗普取消补贴的做法将损害穷人和中产阶级利益，导致保费大涨。<br/>&nbsp&nbsp&nbsp&nbsp&nbsp&nbsp&nbsp&nbsp特朗普终止保险公司的津贴后，又签署了“促进全美医保选择和竞争”行政命令。分析称，这表明他将“一步一步”废除奥巴马的平价医改法案。','http://192.168.1.109:8080/15.jpg','zp','guoji',3553657),(16,'中国男足','中国男足','http://192.168.1.109:8080/16.jpg','zp',NULL,2221),(17,NULL,NULL,NULL,NULL,NULL,NULL),(18,NULL,NULL,NULL,NULL,NULL,NULL),(19,NULL,NULL,NULL,NULL,NULL,NULL),(20,NULL,NULL,NULL,NULL,NULL,NULL),(21,NULL,NULL,NULL,NULL,NULL,NULL),(22,NULL,NULL,NULL,NULL,NULL,NULL),(23,NULL,NULL,NULL,NULL,NULL,NULL),(25,NULL,NULL,NULL,NULL,NULL,NULL),(26,NULL,NULL,NULL,NULL,NULL,NULL),(27,NULL,NULL,NULL,NULL,NULL,NULL),(28,NULL,NULL,NULL,NULL,NULL,NULL),(29,NULL,NULL,NULL,NULL,NULL,NULL),(30,NULL,NULL,NULL,NULL,NULL,NULL);

#
# Structure for table "users"
#

DROP TABLE IF EXISTS `users`;
CREATE TABLE `users` (
  `Id` int(11) NOT NULL AUTO_INCREMENT,
  `username` varchar(255) NOT NULL DEFAULT '',
  `password` varchar(255) NOT NULL DEFAULT '',
  `email` varchar(255) DEFAULT NULL,
  PRIMARY KEY (`Id`)
) ENGINE=InnoDB AUTO_INCREMENT=20 DEFAULT CHARSET=latin1;

#
# Data for table "users"
#

INSERT INTO `users` VALUES (1,'zp','123','sbbbbbb'),(2,'dsf','dsfjkl',NULL),(3,'dsfddd','dsfjkl',NULL),(5,'zp1','123',NULL),(6,'zp11','123',NULL),(7,'zp111','123',NULL),(8,'123','123',NULL),(9,'111','111',NULL),(10,'zp123','123',NULL),(11,'zp1231','123',NULL),(12,'zp1111','123',NULL),(13,'zpzp','123',NULL),(14,'jieban','123',NULL),(15,'wyh','123',NULL),(16,'zpzp123','123',NULL),(17,'zhangpeng','123',NULL),(18,'zhangpeng111111','123',NULL),(19,'zhangpeng1111111111111111','123',NULL);
